{"cameraMode":{"drawMode":0,"name":"Shaded","section":"Shading Mode"},"sceneLighting":true,"audioPlay":false,"sceneViewState":{"showFog":true,"showMaterialUpdate":false,"showSkybox":true,"showFlares":true,"showImageEffects":true,"showParticleSystems":true},"in2DMode":false,"pivot":{"x":-3.096860647201538,"y":16.824792861938478,"z":-14.008940696716309},"rotation":{"x":-0.1246311143040657,"y":-0.24271391332149507,"z":-0.030686309561133386,"w":0.9617183804512024},"size":16.62473487854004,"orthographic":false}