{"cameraMode":{"drawMode":0,"name":"Shaded","section":"Shading Mode"},"sceneLighting":true,"audioPlay":false,"sceneViewState":{"showFog":true,"showMaterialUpdate":false,"showSkybox":true,"showFlares":true,"showImageEffects":true,"showParticleSystems":true},"in2DMode":false,"pivot":{"x":1.455275297164917,"y":-10.01917839050293,"z":30.759117126464845},"rotation":{"x":0.19262565672397614,"y":-0.0038822556380182506,"z":0.0015642403159290553,"w":0.981418251991272},"size":50.29500198364258,"orthographic":false}